,pincode,state,latitude,longitude
0,400001,Maharashtra,18.9472,72.8757
1,400002,Maharashtra,18.9483,72.8265
2,400003,Maharashtra,18.9547,72.8334
3,400004,Maharashtra,18.9564,72.8221
4,400005,Maharashtra,18.9072,72.8152
5,400006,Maharashtra,18.9553,72.801
6,400007,Maharashtra,18.9614,72.8142
7,400008,Maharashtra,18.9675,72.8279
8,400009,Maharashtra,18.9572,72.8403
9,400010,Maharashtra,18.9713,72.8461
10,400011,Maharashtra,18.9807,72.8279
11,400012,Maharashtra,18.9965,72.8375
12,400013,Maharashtra,18.9964,72.8263
13,400014,Maharashtra,19.0146,72.8459
14,400015,Maharashtra,18.9942,72.8534
15,400016,Maharashtra,19.036,72.8422
16,400017,Maharashtra,19.046,72.8545
17,400018,Maharashtra,18.9933,72.8179
18,400019,Maharashtra,19.0273,72.8524
19,400020,Maharashtra,18.9364,72.827
20,400021,Maharashtra,18.9258,72.8238
21,400022,Maharashtra,19.0432,72.8685
22,400024,Maharashtra,19.0602,72.882
23,400025,Maharashtra,19.0125,72.8277
24,400026,Maharashtra,18.9705,72.8075
25,400027,Maharashtra,18.9762,72.8362
26,400028,Maharashtra,19.0195,72.8369
27,400029,Maharashtra,19.0806,72.8652
28,400030,Maharashtra,19.0133,72.8178
29,400031,Maharashtra,19.0141,72.8541
30,400032,Maharashtra,18.929,72.8288
31,400033,Maharashtra,18.9869,72.8448
32,400034,Maharashtra,18.9743,72.8156
33,400035,Maharashtra,18.944,72.7956
34,400037,Maharashtra,19.0199,72.8703
35,400042,Maharashtra,19.1323,72.9543
36,400043,Maharashtra,19.0631,72.9356
37,400049,Maharashtra,19.0982,72.8309
38,400050,Maharashtra,19.055,72.8299
39,400051,Maharashtra,19.0622,72.8532
40,400052,Maharashtra,19.0707,72.8316
41,400053,Maharashtra,19.1434,72.8251
42,400054,Maharashtra,19.0811,72.8365
43,400055,Maharashtra,19.0806,72.8492
44,400056,Maharashtra,19.1018,72.8415
45,400057,Maharashtra,19.1003,72.8488
46,400058,Maharashtra,19.1218,72.8401
47,400059,Maharashtra,19.1164,72.8775
48,400060,Maharashtra,19.1345,72.8577
49,400061,Maharashtra,19.1488,72.8015
50,400063,Maharashtra,19.1585,72.8536
51,400064,Maharashtra,19.1853,72.8423
52,400065,Maharashtra,19.154,72.8746
53,400066,Maharashtra,19.2159,72.91
54,400067,Maharashtra,19.2083,72.8258
55,400068,Maharashtra,19.2555,72.8598
56,400069,Maharashtra,19.1185,72.8507
57,400070,Maharashtra,19.0742,72.8821
58,400071,Maharashtra,19.0563,72.9004
59,400072,Maharashtra,19.105,72.8902
60,400074,Maharashtra,19.0232,72.8949
61,400075,Maharashtra,19.0793,72.9155
62,400076,Maharashtra,19.1139,72.9081
63,400077,Maharashtra,19.076,72.9006
64,400078,Maharashtra,19.1476,72.9318
65,400079,Maharashtra,19.0878,72.9364
66,400080,Maharashtra,19.1712,72.9477
67,400081,Maharashtra,19.1644,72.9674
68,400082,Maharashtra,19.174,72.9355
69,400083,Maharashtra,19.1087,72.9421
70,400084,Maharashtra,19.0949,72.898
71,400085,Maharashtra,19.0201,72.9268
72,400086,Maharashtra,19.0903,72.9058
73,400087,Maharashtra,19.1311,72.9027
74,400088,Maharashtra,19.0476,72.9395
75,400089,Maharashtra,19.0697,72.8987
76,400091,Maharashtra,19.2253,72.8385
77,400092,Maharashtra,19.2324,72.8036
78,400093,Maharashtra,19.1256,72.8648
79,400094,Maharashtra,19.0376,72.9251
80,400095,Maharashtra,19.1805,72.814
81,400096,Maharashtra,19.1264,72.8763
82,400097,Maharashtra,19.1829,72.8668
83,400098,Maharashtra,19.0721,72.8615
84,400099,Maharashtra,19.0973,72.8669
85,400101,Maharashtra,19.1997,72.8672
86,400102,Maharashtra,19.1417,72.8407
87,400103,Maharashtra,19.2471,72.8435
88,400104,Maharashtra,19.1648,72.8394
89,400601,Maharashtra,19.2046,72.9816
90,400602,Maharashtra,19.1929,72.9723
91,400603,Maharashtra,19.1794,72.9771
92,400604,Maharashtra,19.1934,72.9533
93,400605,Maharashtra,19.1986,73.0
94,400606,Maharashtra,19.2114,72.9614
95,400607,Maharashtra,19.247,72.9829
96,400608,Maharashtra,19.2244,72.9911
97,400610,Maharashtra,19.2291,72.9696
98,400612,Maharashtra,19.1481,73.0545
99,400614,Maharashtra,19.0217,73.0398
100,400615,Maharashtra,19.2688,72.9588
101,400701,Maharashtra,19.1288,73.0076
102,400702,Maharashtra,18.8755,72.9542
103,400703,Maharashtra,19.0811,73.0145
104,400704,Maharashtra,18.8932,72.9235
105,400705,Maharashtra,19.0621,73.0179
106,400706,Maharashtra,19.0302,73.0203
107,400707,Maharashtra,18.9202,72.9819
108,400708,Maharashtra,19.1633,72.9982
109,400709,Maharashtra,19.0998,72.9975
110,400710,Maharashtra,19.1022,73.0266
111,401101,Maharashtra,19.2904,72.8334
112,401102,Maharashtra,19.5578,72.803
113,401103,Maharashtra,19.8774,72.8035
114,401104,Maharashtra,19.2982,72.8708
115,401105,Maharashtra,19.3077,72.8598
116,401106,Maharashtra,19.3029,72.8013
117,401107,Maharashtra,19.282,72.904
118,401201,Maharashtra,19.3624,72.7884
119,401202,Maharashtra,19.3712,72.8237
120,401203,Maharashtra,19.4158,72.797
121,401204,Maharashtra,19.4747,73.0318
122,401206,Maharashtra,19.4925,73.0112
123,401207,Maharashtra,19.3447,72.8213
124,401208,Maharashtra,19.3734,72.8992
125,401209,Maharashtra,19.4273,72.8364
126,401210,Maharashtra,19.3834,72.8397
127,401301,Maharashtra,19.4595,72.7751
128,401302,Maharashtra,19.4719,72.7627
129,401303,Maharashtra,19.4769,72.9198
130,401304,Maharashtra,19.4054,72.7695
131,401305,Maharashtra,19.4567,72.8276
132,401401,Maharashtra,19.6205,72.7834
133,401402,Maharashtra,19.6586,72.7806
134,401403,Maharashtra,19.6883,72.9228
135,401404,Maharashtra,19.7173,72.8068
136,401405,Maharashtra,19.73,72.7069
137,401501,Maharashtra,19.7976,72.7817
138,401502,Maharashtra,19.8451,72.7041
139,401503,Maharashtra,19.9049,72.7142
140,401504,Maharashtra,19.8237,72.7294
141,401506,Maharashtra,19.7996,72.8587
142,401601,Maharashtra,19.9745,72.7352
143,401602,Maharashtra,19.9687,72.8464
144,401603,Maharashtra,19.9424,73.2113
145,401604,Maharashtra,19.8535,73.3754
146,401605,Maharashtra,19.8244,73.0453
147,401606,Maharashtra,20.1434,72.8945
148,401607,Maharashtra,19.8973,72.9385
149,401608,Maharashtra,19.9403,72.7685
150,401609,Maharashtra,19.967,72.9987
151,401610,Maharashtra,20.0435,72.9911
152,401701,Maharashtra,20.0952,72.7767
153,401702,Maharashtra,20.0739,72.735
154,401703,Maharashtra,20.0173,72.8006
155,402101,Maharashtra,18.0791,73.2239
156,402102,Maharashtra,18.1152,73.3532
157,402103,Maharashtra,18.1512,73.3105
158,402104,Maharashtra,18.2465,73.2842
159,402105,Maharashtra,18.1376,73.1201
160,402106,Maharashtra,18.5586,73.1583
161,402107,Maharashtra,18.7203,73.1168
162,402108,Maharashtra,18.6588,73.0117
163,402109,Maharashtra,18.4221,73.0641
164,402110,Maharashtra,18.0424,73.0658
165,402111,Maharashtra,18.2695,73.127
166,402112,Maharashtra,18.3283,73.2042
167,402113,Maharashtra,18.1006,73.0208
168,402114,Maharashtra,18.0002,73.038
169,402115,Maharashtra,18.0523,73.3569
170,402116,Maharashtra,18.4227,73.1598
171,402117,Maharashtra,18.1946,73.2469
172,402118,Maharashtra,18.7436,73.0149
173,402120,Maharashtra,18.3373,73.3538
174,402122,Maharashtra,18.1737,73.2003
175,402125,Maharashtra,18.5356,73.1065
176,402126,Maharashtra,18.4973,73.1863
177,402201,Maharashtra,18.7309,72.9373
178,402202,Maharashtra,18.4942,72.938
179,402203,Maharashtra,18.559,72.996
180,402204,Maharashtra,18.62,72.9332
181,402207,Maharashtra,18.6879,72.8667
182,402208,Maharashtra,18.7371,72.8881
183,402209,Maharashtra,18.6467,72.9087
184,402301,Maharashtra,18.0493,73.4133
185,402302,Maharashtra,18.1404,73.5215
186,402303,Maharashtra,17.9695,73.5263
187,402304,Maharashtra,18.4328,73.2323
188,402305,Maharashtra,18.2221,73.423
189,402306,Maharashtra,18.1433,73.5899
190,402307,Maharashtra,17.9273,73.402
191,402308,Maharashtra,18.4189,73.3298
192,402309,Maharashtra,18.0855,73.4533
193,402401,Maharashtra,18.3623,72.9752
194,402402,Maharashtra,18.2458,72.969
195,402403,Maharashtra,18.2098,72.9872
196,402404,Maharashtra,18.1347,73.0208
197,402406,Maharashtra,18.3785,72.9311
198,410101,Maharashtra,19.0631,73.3433
199,410102,Maharashtra,18.9893,73.2714
200,410201,Maharashtra,18.9849,73.4178
201,410202,Maharashtra,18.8341,73.2906
202,410203,Maharashtra,18.7583,73.29
203,410204,Maharashtra,18.7982,73.3628
204,410205,Maharashtra,18.5914,73.2746
205,410206,Maharashtra,18.9661,73.1448
206,410207,Maharashtra,18.8517,73.1562
207,410208,Maharashtra,19.0859,73.0976
208,410209,Maharashtra,19.0186,73.1012
209,410210,Maharashtra,19.0546,73.067
210,410216,Maharashtra,18.8015,73.3414
211,410218,Maharashtra,19.039,73.0996
212,410220,Maharashtra,18.8477,73.2133
213,410221,Maharashtra,18.9135,73.1414
214,410222,Maharashtra,18.8923,73.1865
215,410301,Maharashtra,18.7692,73.5733
216,410302,Maharashtra,18.7687,73.3737
217,410401,Maharashtra,18.6256,73.3844
218,410402,Maharashtra,18.7378,73.3845
219,410403,Maharashtra,18.7549,73.4393
220,410405,Maharashtra,18.7851,73.4862
221,410406,Maharashtra,18.6566,73.4813
222,410501,Maharashtra,18.7754,73.837
223,410502,Maharashtra,19.2208,73.7894
224,410503,Maharashtra,19.0074,73.9368
225,410504,Maharashtra,19.073,74.067
226,410505,Maharashtra,18.8871,73.8094
227,410506,Maharashtra,18.6662,73.6333
228,410507,Maharashtra,18.7661,73.704
229,410508,Maharashtra,18.919,74.0593
230,410509,Maharashtra,19.1219,73.6443
231,410510,Maharashtra,18.8853,74.0859
232,410511,Maharashtra,19.217,73.919
233,410512,Maharashtra,18.9422,73.9148
234,410513,Maharashtra,18.9537,73.833
235,410515,Maharashtra,19.0701,73.9225
236,410516,Maharashtra,19.0895,73.7812
237,411001,Maharashtra,18.5252,73.8841
238,411002,Maharashtra,18.5123,73.8605
239,411003,Maharashtra,18.5664,73.8576
240,411004,Maharashtra,18.5171,73.8365
241,411005,Maharashtra,18.5364,73.849
242,411006,Maharashtra,18.5531,73.8799
243,411007,Maharashtra,18.5549,73.8217
244,411008,Maharashtra,18.5335,73.8063
245,411009,Maharashtra,18.4863,73.8466
246,411011,Maharashtra,18.5217,73.8641
247,411012,Maharashtra,18.5802,73.8293
248,411013,Maharashtra,18.4917,73.924
249,411014,Maharashtra,18.5575,73.9253
250,411015,Maharashtra,18.6025,73.8813
251,411016,Maharashtra,18.5291,73.8289
252,411017,Maharashtra,18.6121,73.7944
253,411018,Maharashtra,18.6379,73.8158
254,411019,Maharashtra,18.652,73.799
255,411020,Maharashtra,18.5583,73.8373
256,411021,Maharashtra,18.5363,73.7688
257,411022,Maharashtra,18.5014,73.9078
258,411023,Maharashtra,18.4355,73.7086
259,411024,Maharashtra,18.4462,73.7816
260,411025,Maharashtra,18.3803,73.7452
261,411026,Maharashtra,18.6256,73.8367
262,411027,Maharashtra,18.5872,73.8047
263,411028,Maharashtra,18.5074,73.928
264,411030,Maharashtra,18.5043,73.8433
265,411031,Maharashtra,18.5916,73.8481
266,411032,Maharashtra,18.5816,73.9208
267,411033,Maharashtra,18.6268,73.7498
268,411034,Maharashtra,18.6015,73.823
269,411035,Maharashtra,18.643,73.7722
270,411036,Maharashtra,18.5257,73.9282
271,411037,Maharashtra,18.4795,73.8691
272,411038,Maharashtra,18.5078,73.8079
273,411039,Maharashtra,18.6272,73.8558
274,411040,Maharashtra,18.4987,73.8887
275,411041,Maharashtra,18.4382,73.8029
276,411042,Maharashtra,18.5035,73.8662
277,411043,Maharashtra,18.4655,73.8432
278,411044,Maharashtra,18.6607,73.76
279,411045,Maharashtra,18.5676,73.767
280,411046,Maharashtra,18.4338,73.8558
281,411047,Maharashtra,18.6021,73.9341
282,411048,Maharashtra,18.4593,73.906
283,411051,Maharashtra,18.4764,73.821
284,411052,Maharashtra,18.4901,73.8212
285,411057,Maharashtra,18.5912,73.7239
286,411058,Maharashtra,18.4885,73.7848
287,411060,Maharashtra,18.4638,73.9124
288,411061,Maharashtra,18.5784,73.8024
289,411062,Maharashtra,18.684,73.7995
290,411067,Maharashtra,18.5606,73.803
291,411068,Maharashtra,18.4585,73.7929
292,412101,Maharashtra,18.6777,73.7281
293,412102,Maharashtra,18.1362,74.2359
294,412103,Maharashtra,18.1123,74.3949
295,412104,Maharashtra,18.3837,74.2136
296,412105,Maharashtra,18.6668,73.9134
297,412106,Maharashtra,18.8575,73.567
298,412107,Maharashtra,18.3592,73.571
299,412108,Maharashtra,18.5192,73.5233
300,412109,Maharashtra,18.735,73.7573
301,412110,Maharashtra,18.5015,74.0758
302,412112,Maharashtra,18.4049,73.4633
303,412115,Maharashtra,18.542,73.6656
304,412201,Maharashtra,18.4568,74.0383
305,412202,Maharashtra,18.4636,74.1458
306,412203,Maharashtra,18.4697,74.3679
307,412204,Maharashtra,18.3168,74.386
308,412205,Maharashtra,18.2828,73.9063
309,412206,Maharashtra,18.1357,73.7487
310,412207,Maharashtra,18.5719,74.1469
311,412208,Maharashtra,18.6879,74.1198
312,412209,Maharashtra,18.7387,74.2321
313,412210,Maharashtra,18.7072,74.4143
314,412211,Maharashtra,18.6098,74.4027
315,412212,Maharashtra,18.2819,73.5889
316,412213,Maharashtra,18.2658,73.7513
317,412214,Maharashtra,18.4934,74.2634
318,412215,Maharashtra,18.4923,74.4308
319,412216,Maharashtra,18.6146,74.0691
320,412218,Maharashtra,18.8751,74.1953
321,412219,Maharashtra,18.4348,74.4558
322,412220,Maharashtra,18.8088,74.2743
323,412301,Maharashtra,18.3412,74.0057
324,412303,Maharashtra,18.298,74.1858
325,412304,Maharashtra,18.24,74.3033
326,412305,Maharashtra,18.1876,74.1702
327,412306,Maharashtra,18.1271,74.316
328,412307,Maharashtra,18.5134,73.9698
329,412308,Maharashtra,18.4465,73.9675
330,412311,Maharashtra,18.207,74.0553
331,412312,Maharashtra,18.1333,74.106
332,412401,Maharashtra,19.1302,73.9179
333,412402,Maharashtra,19.0338,73.6483
334,412403,Maharashtra,18.8099,74.0655
335,412404,Maharashtra,18.936,73.7665
336,412405,Maharashtra,18.9613,73.9715
337,412406,Maharashtra,18.9747,74.0708
338,412408,Maharashtra,19.0534,73.8268
339,412409,Maharashtra,19.301,73.9147
340,412410,Maharashtra,19.1455,74.2015
341,412411,Maharashtra,19.1749,74.1167
342,412412,Maharashtra,19.1731,74.0498
343,412801,Maharashtra,18.1236,73.9545
344,412802,Maharashtra,18.0575,73.9881
345,412803,Maharashtra,17.9772,73.8061
346,412804,Maharashtra,17.9183,73.8949
347,412805,Maharashtra,17.9106,73.7966
348,412806,Maharashtra,17.8384,73.6854
349,413001,Maharashtra,17.6717,75.899
350,413002,Maharashtra,17.7267,75.9614
351,413003,Maharashtra,17.6577,75.918
352,413004,Maharashtra,17.6522,75.8734
353,413005,Maharashtra,17.6769,75.9424
354,413006,Maharashtra,17.6513,75.9906
355,413007,Maharashtra,17.6547,75.9059
356,413008,Maharashtra,17.5153,75.887
357,413101,Maharashtra,17.8964,74.9722
358,413102,Maharashtra,18.2105,74.5564
359,413103,Maharashtra,17.9652,75.0071
360,413104,Maharashtra,18.1116,74.7071
361,413105,Maharashtra,18.3488,74.7896
362,413106,Maharashtra,18.124,75.0319
363,413107,Maharashtra,17.819,74.8819
364,413108,Maharashtra,17.9245,75.103
365,413109,Maharashtra,17.9214,74.7436
366,413110,Maharashtra,18.1765,74.427
367,413111,Maharashtra,17.8381,74.8114
368,413112,Maharashtra,17.8597,75.1321
369,413113,Maharashtra,17.7847,75.0377
370,413114,Maharashtra,18.0512,74.841
371,413115,Maharashtra,18.1387,74.5107
372,413116,Maharashtra,18.0796,74.504
373,413118,Maharashtra,17.8681,75.022
374,413120,Maharashtra,18.0862,74.9137
375,413130,Maharashtra,18.2899,74.6897
376,413132,Maharashtra,18.205,74.8582
377,413133,Maharashtra,18.2139,74.6333
378,413201,Maharashtra,18.7158,75.2984
379,413202,Maharashtra,18.2375,75.1509
380,413203,Maharashtra,18.3893,75.1313
381,413204,Maharashtra,18.6614,75.4487
382,413205,Maharashtra,18.5938,75.2829
383,413206,Maharashtra,18.2882,74.9911
384,413207,Maharashtra,18.8993,75.3186
385,413208,Maharashtra,18.0688,75.3983
386,413209,Maharashtra,18.0254,75.5369
387,413210,Maharashtra,18.0474,75.2887
388,413211,Maharashtra,17.996,75.215
389,413212,Maharashtra,18.0077,75.0821
390,413213,Maharashtra,17.803,75.6652
391,413214,Maharashtra,17.9103,75.553
392,413215,Maharashtra,17.5102,75.9861
393,413216,Maharashtra,17.5314,76.2541
394,413217,Maharashtra,17.4521,76.3144
395,413218,Maharashtra,17.6434,76.3587
396,413219,Maharashtra,17.3918,76.0086
397,413220,Maharashtra,17.3599,76.3462
398,413221,Maharashtra,17.4985,75.7576
399,413222,Maharashtra,17.8752,75.7891
400,413223,Maharashtra,18.1704,75.2708
401,413224,Maharashtra,17.6169,75.9466
402,413225,Maharashtra,17.6158,75.9336
403,413226,Maharashtra,17.6376,76.1839
404,413227,Maharashtra,17.3946,76.1651
405,413228,Maharashtra,17.5876,76.0818
406,413229,Maharashtra,18.9374,75.4461
407,413233,Maharashtra,17.7473,75.5235
408,413235,Maharashtra,17.4862,76.1093
409,413245,Maharashtra,17.6736,75.6616
410,413248,Maharashtra,17.7568,75.54
411,413249,Maharashtra,19.0775,75.448
412,413250,Maharashtra,18.1257,75.5237
413,413251,Maharashtra,18.2719,75.3123
414,413252,Maharashtra,18.1967,75.384
415,413253,Maharashtra,17.6186,75.6716
416,413255,Maharashtra,17.7252,75.8078
417,413301,Maharashtra,17.9254,75.3911
418,413302,Maharashtra,17.8746,75.2592
419,413303,Maharashtra,17.8319,75.4011
420,413304,Maharashtra,17.6806,75.3519
421,413305,Maharashtra,17.5002,75.457
422,413306,Maharashtra,17.5834,75.0485
423,413307,Maharashtra,17.3922,75.1322
424,413308,Maharashtra,17.3803,75.0375
425,413309,Maharashtra,17.2942,75.2344
426,413310,Maharashtra,17.6904,75.011
427,413314,Maharashtra,17.2207,74.9362
428,413315,Maharashtra,17.802,75.2535
429,413317,Maharashtra,17.5401,75.2407
430,413319,Maharashtra,17.3717,75.5284
431,413322,Maharashtra,17.3213,75.3952
432,413324,Maharashtra,17.8622,75.4787
433,413401,Maharashtra,18.18,75.7288
434,413402,Maharashtra,18.0549,75.8145
435,413403,Maharashtra,18.1327,75.7613
436,413404,Maharashtra,18.2758,75.8739
437,413405,Maharashtra,18.3399,75.9781
438,413406,Maharashtra,18.0417,75.9365
439,413409,Maharashtra,18.353,75.7591
440,413410,Maharashtra,17.9811,75.6387
441,413411,Maharashtra,18.2345,75.6546
442,413412,Maharashtra,18.0233,75.735
443,413501,Maharashtra,18.1624,76.0153
444,413502,Maharashtra,18.2802,75.5194
445,413503,Maharashtra,18.5378,75.7943
446,413504,Maharashtra,18.4808,75.5977
447,413505,Maharashtra,18.4462,75.396
448,413506,Maharashtra,18.0904,76.2219
449,413507,Maharashtra,18.5315,75.9917
450,413508,Maharashtra,18.3587,76.0684
451,413509,Maharashtra,18.3158,76.2156
452,413510,Maharashtra,18.413,76.2604
453,413511,Maharashtra,18.4399,76.3568
454,413512,Maharashtra,18.4209,76.5878
455,413513,Maharashtra,18.5248,76.8994
456,413514,Maharashtra,18.6462,77.042
457,413515,Maharashtra,18.7264,76.9017
458,413516,Maharashtra,18.0388,76.6029
459,413517,Maharashtra,18.4179,77.0934
460,413518,Maharashtra,18.4922,76.9997
461,413519,Maharashtra,18.2413,77.0281
462,413520,Maharashtra,18.1742,76.4925
463,413521,Maharashtra,18.1063,76.7357
464,413522,Maharashtra,18.0664,76.886
465,413523,Maharashtra,18.6909,76.76
466,413524,Maharashtra,18.4432,76.8828
467,413525,Maharashtra,18.4069,75.9309
468,413526,Maharashtra,18.6458,75.727
469,413527,Maharashtra,18.5416,76.5531
470,413528,Maharashtra,18.4904,76.1758
471,413529,Maharashtra,18.5609,76.779
472,413530,Maharashtra,18.2155,76.8303
473,413531,Maharashtra,18.377,76.5851
474,413532,Maharashtra,18.5696,77.1914
475,413534,Maharashtra,18.6426,75.5953
476,413544,Maharashtra,18.329,76.8401
477,413580,Maharashtra,18.3262,76.1284
478,413581,Maharashtra,18.4431,76.7668
479,413582,Maharashtra,18.1977,76.1051
480,413601,Maharashtra,17.9656,76.1442
481,413602,Maharashtra,17.8018,76.3163
482,413603,Maharashtra,17.7927,76.1584
483,413604,Maharashtra,17.8929,76.4566
484,413605,Maharashtra,17.7498,76.4726
485,413606,Maharashtra,17.8617,76.639
486,413607,Maharashtra,17.9484,76.8057
487,413608,Maharashtra,17.9976,76.3291
488,413623,Maharashtra,17.91,76.0092
489,413624,Maharashtra,17.9382,75.9082
490,413701,Maharashtra,18.608,74.7512
491,413702,Maharashtra,18.7271,74.5259
492,413703,Maharashtra,18.8443,74.5817
493,413704,Maharashtra,19.3093,74.729
494,413705,Maharashtra,19.3841,74.6515
495,413706,Maharashtra,19.4112,74.4934
496,413707,Maharashtra,19.7499,74.6572
497,413708,Maharashtra,19.8206,74.5876
498,413709,Maharashtra,19.6552,74.6632
499,413710,Maharashtra,19.5586,74.5346
500,413711,Maharashtra,19.5041,74.5007
501,413712,Maharashtra,19.5843,74.5192
502,413713,Maharashtra,19.6001,74.4679
503,413714,Maharashtra,19.6019,74.3655
504,413715,Maharashtra,19.5516,74.6199
505,413716,Maharashtra,19.4695,74.6387
506,413717,Maharashtra,19.5646,74.712
507,413718,Maharashtra,19.6814,74.7336
508,413719,Maharashtra,19.6869,74.5232
509,413720,Maharashtra,19.6155,74.6152
510,413721,Maharashtra,19.5245,74.7183
511,413722,Maharashtra,19.2973,74.6358
512,413723,Maharashtra,19.6899,74.6039
513,413725,Maharashtra,19.5857,74.8301
514,413726,Maharashtra,18.5894,74.6132
515,413728,Maharashtra,18.7738,74.6951
516,413736,Maharashtra,19.5511,74.4499
517,413737,Maharashtra,19.6114,74.5545
518,413738,Maharashtra,19.4657,74.3841
519,413739,Maharashtra,19.6181,74.7354
520,413801,Maharashtra,18.4304,74.6299
521,413802,Maharashtra,18.3682,74.5222
522,414001,Maharashtra,19.079,74.7327
523,414002,Maharashtra,19.1158,74.8435
524,414003,Maharashtra,19.1372,74.74
525,414005,Maharashtra,19.0043,74.6482
526,414006,Maharashtra,18.943,74.779
527,414101,Maharashtra,18.8088,74.8168
528,414102,Maharashtra,19.1434,75.2328
529,414103,Maharashtra,19.1328,74.5356
530,414105,Maharashtra,19.4091,74.8162
531,414106,Maharashtra,19.1851,74.9972
532,414110,Maharashtra,19.0455,74.7643
533,414111,Maharashtra,19.2017,74.6436
534,414113,Maharashtra,19.1429,75.4022
535,414201,Maharashtra,19.0203,74.8757
536,414202,Maharashtra,18.9603,75.0084
537,414203,Maharashtra,18.8512,75.2049
538,414204,Maharashtra,18.8363,75.5125
539,414205,Maharashtra,19.0125,75.5913
540,414208,Maharashtra,18.8513,75.1251
541,414301,Maharashtra,18.9413,74.5134
542,414302,Maharashtra,18.9703,74.4147
543,414303,Maharashtra,19.1004,74.3764
544,414304,Maharashtra,19.23,74.3702
545,414305,Maharashtra,19.0754,74.2406
546,414306,Maharashtra,18.9379,74.3028
547,414307,Maharashtra,19.0283,74.3103
548,414401,Maharashtra,18.6744,75.0307
549,414402,Maharashtra,18.5604,74.9691
550,414403,Maharashtra,18.4437,74.857
551,414501,Maharashtra,19.2987,75.0075
552,414502,Maharashtra,19.387,75.2484
553,414503,Maharashtra,19.359,75.4281
554,414504,Maharashtra,19.279,75.4687
555,414505,Maharashtra,19.2595,75.1258
556,414601,Maharashtra,19.2199,74.8024
557,414602,Maharashtra,19.4627,74.9282
558,414603,Maharashtra,19.5703,75.0169
559,414604,Maharashtra,19.423,75.0722
560,414605,Maharashtra,19.4774,75.0449
561,414606,Maharashtra,19.3764,74.943
562,414607,Maharashtra,19.3756,74.8532
563,414609,Maharashtra,19.4905,74.9634
564,414701,Maharashtra,18.5121,74.6121
565,415001,Maharashtra,17.6822,74.012
566,415002,Maharashtra,17.6392,73.976
567,415003,Maharashtra,17.6898,74.0613
568,415004,Maharashtra,17.6384,74.0801
569,415010,Maharashtra,17.7629,74.1343
570,415011,Maharashtra,17.775,74.0671
571,415012,Maharashtra,17.8107,73.8093
572,415013,Maharashtra,17.6358,73.8789
573,415014,Maharashtra,17.5052,73.9474
574,415015,Maharashtra,17.7564,73.9936
575,415019,Maharashtra,17.5741,74.1231
576,415020,Maharashtra,17.7936,73.9511
577,415021,Maharashtra,17.8157,74.1957
578,415022,Maharashtra,17.7335,73.903
579,415023,Maharashtra,17.716,74.3973
580,415101,Maharashtra,16.9222,73.8497
581,415102,Maharashtra,17.4512,74.5509
582,415103,Maharashtra,17.2383,74.0432
583,415104,Maharashtra,17.1975,74.1467
584,415105,Maharashtra,17.3229,74.2458
585,415106,Maharashtra,17.4244,74.1889
586,415107,Maharashtra,17.4998,74.1534
587,415108,Maharashtra,17.1815,74.2368
588,415109,Maharashtra,17.4174,74.0734
589,415110,Maharashtra,17.3263,74.1996
590,415111,Maharashtra,17.1546,74.0572
591,415112,Maharashtra,17.2153,73.9255
592,415114,Maharashtra,17.3078,74.0852
593,415115,Maharashtra,17.3553,74.1778
594,415116,Maharashtra,17.4982,74.2413
595,415118,Maharashtra,17.1531,74.1096
596,415120,Maharashtra,17.37,74.0631
597,415122,Maharashtra,17.2409,74.1214
598,415124,Maharashtra,17.2698,74.196
599,415202,Maharashtra,17.9322,73.341
600,415203,Maharashtra,17.9777,73.2566
601,415205,Maharashtra,17.352,73.9785
602,415206,Maharashtra,17.3859,73.8422
603,415207,Maharashtra,17.4044,73.7478
604,415208,Maharashtra,17.964,73.1237
605,415209,Maharashtra,17.3029,74.0286
606,415210,Maharashtra,17.3343,73.8515
607,415211,Maharashtra,17.2977,73.9504
608,415212,Maharashtra,17.2953,73.9918
609,415213,Maharashtra,18.066,73.3152
610,415214,Maharashtra,18.0401,73.2248
611,415301,Maharashtra,17.4282,74.8917
612,415302,Maharashtra,17.1442,74.306
613,415303,Maharashtra,17.1913,74.3444
614,415304,Maharashtra,17.3229,74.31
615,415305,Maharashtra,17.2898,74.3951
616,415306,Maharashtra,17.3074,74.8829
617,415307,Maharashtra,17.2378,74.7686
618,415308,Maharashtra,17.3532,74.7673
619,415309,Maharashtra,17.3381,74.6634
620,415310,Maharashtra,17.3907,74.5705
621,415311,Maharashtra,17.2725,74.5362
622,415312,Maharashtra,17.4528,74.6484
623,415313,Maharashtra,17.1244,74.3552
624,415315,Maharashtra,17.536,74.9099
625,415401,Maharashtra,16.9699,74.2089
626,415402,Maharashtra,17.0062,74.0141
627,415403,Maharashtra,16.9941,74.278
628,415404,Maharashtra,17.1292,74.2118
629,415405,Maharashtra,17.079,73.9721
630,415406,Maharashtra,17.0969,74.2097
631,415407,Maharashtra,17.032,74.1872
632,415408,Maharashtra,17.0052,74.0819
633,415409,Maharashtra,17.0474,74.2863
634,415410,Maharashtra,17.0916,74.1275
635,415411,Maharashtra,16.9278,74.2858
636,415412,Maharashtra,16.9198,74.1694
637,415413,Maharashtra,17.0863,74.3363
638,415414,Maharashtra,17.1133,74.28
639,415415,Maharashtra,17.1965,73.7933
640,415416,Maharashtra,16.93,74.1014
641,415417,Maharashtra,16.9185,74.2356
642,415418,Maharashtra,16.9283,74.1259
643,415501,Maharashtra,17.7033,74.1871
644,415502,Maharashtra,17.6894,74.308
645,415503,Maharashtra,17.7668,74.3232
646,415504,Maharashtra,17.8315,74.2862
647,415505,Maharashtra,17.6504,74.3577
648,415506,Maharashtra,17.5874,74.4613
649,415507,Maharashtra,17.5459,74.5482
650,415508,Maharashtra,17.7741,74.5513
651,415509,Maharashtra,17.5974,74.7737
652,415510,Maharashtra,17.5376,74.3291
653,415511,Maharashtra,17.574,74.2176
654,415512,Maharashtra,17.4658,74.3183
655,415513,Maharashtra,17.8568,73.9468
656,415514,Maharashtra,17.8424,73.8819
657,415515,Maharashtra,17.8988,73.994
658,415516,Maharashtra,17.9736,73.9946
659,415517,Maharashtra,17.5713,73.778
660,415518,Maharashtra,17.5316,74.1003
661,415519,Maharashtra,17.5587,74.0317
662,415520,Maharashtra,17.4122,73.9915
663,415521,Maharashtra,18.0119,74.175
664,415522,Maharashtra,18.0587,74.3494
665,415523,Maharashtra,17.9527,74.4898
666,415524,Maharashtra,17.8669,74.1434
667,415525,Maharashtra,17.936,74.0692
668,415526,Maharashtra,18.1073,74.0765
669,415527,Maharashtra,17.5909,74.3548
670,415528,Maharashtra,18.0182,74.2944
671,415529,Maharashtra,17.9146,73.9486
672,415530,Maharashtra,17.8432,74.0211
673,415536,Maharashtra,17.9931,73.9627
674,415537,Maharashtra,17.914,74.2493
675,415538,Maharashtra,17.4348,74.4408
676,415539,Maharashtra,17.181,74.1699
677,415540,Maharashtra,17.6469,74.6296
678,415601,Maharashtra,17.4273,73.6676
679,415602,Maharashtra,17.4362,73.6142
680,415603,Maharashtra,17.4854,73.6457
681,415604,Maharashtra,17.5362,73.6388
682,415605,Maharashtra,17.5277,73.5212
683,415606,Maharashtra,17.3922,73.5648
684,415607,Maharashtra,17.3114,73.6147
685,415608,Maharashtra,17.2793,73.4916
686,415609,Maharashtra,17.2662,73.5708
687,415610,Maharashtra,17.2143,73.6404
688,415611,Maharashtra,17.1799,73.5613
689,415612,Maharashtra,16.9825,73.3549
690,415613,Maharashtra,17.2739,73.2827
691,415614,Maharashtra,17.2681,73.2304
692,415615,Maharashtra,17.1602,73.2896
693,415616,Maharashtra,16.8786,73.3463
694,415617,Maharashtra,17.0941,73.3571
695,415619,Maharashtra,17.0083,73.436
696,415620,Maharashtra,17.1732,73.3569
697,415621,Maharashtra,17.7759,73.4644
698,415626,Maharashtra,16.7956,73.352
699,415628,Maharashtra,17.5377,73.4165
700,415629,Maharashtra,17.0585,73.2997
701,415634,Maharashtra,17.5434,73.1749
702,415637,Maharashtra,17.1231,73.4755
703,415639,Maharashtra,17.0561,73.4207
704,415640,Maharashtra,17.8429,73.4134
705,415641,Maharashtra,17.3248,73.4293
706,415643,Maharashtra,16.7838,73.6453
707,415701,Maharashtra,17.4307,73.4256
708,415702,Maharashtra,17.4795,73.3641
709,415703,Maharashtra,17.4274,73.2805
710,415704,Maharashtra,17.4416,73.2086
711,415705,Maharashtra,17.4083,73.1983
712,415706,Maharashtra,17.5947,73.2133
713,415708,Maharashtra,17.6527,73.4968
714,415709,Maharashtra,17.7255,73.3843
715,415710,Maharashtra,17.7381,73.317
716,415711,Maharashtra,17.653,73.2945
717,415712,Maharashtra,17.7695,73.2128
718,415713,Maharashtra,17.7899,73.1352
719,415714,Maharashtra,17.8652,73.1118
720,415715,Maharashtra,17.7583,73.6377
721,415716,Maharashtra,17.8544,73.3263
722,415717,Maharashtra,17.9103,73.1193
723,415718,Maharashtra,17.6435,73.6073
724,415719,Maharashtra,17.5493,73.2887
725,415720,Maharashtra,17.6933,73.1414
726,415722,Maharashtra,17.5924,73.4743
727,415724,Maharashtra,17.5096,73.2505
728,415726,Maharashtra,17.2891,73.3553
729,415727,Maharashtra,17.6144,73.3824
730,415728,Maharashtra,17.3499,73.2579
731,415729,Maharashtra,17.3849,73.2249
732,415730,Maharashtra,17.7892,73.5499
733,415801,Maharashtra,16.9791,73.743
734,415802,Maharashtra,16.9272,73.658
735,415803,Maharashtra,16.9747,73.5394
736,415804,Maharashtra,17.0744,73.6471
737,415805,Maharashtra,16.6194,73.3755
738,415806,Maharashtra,17.6421,73.7569
739,415807,Maharashtra,16.9968,73.5825
740,416001,Maharashtra,16.6082,74.1418
741,416002,Maharashtra,16.6997,74.232
742,416003,Maharashtra,16.7177,74.2462
743,416004,Maharashtra,16.676,74.2614
744,416005,Maharashtra,16.6952,74.277
745,416006,Maharashtra,16.7481,74.2506
746,416007,Maharashtra,16.6666,74.2244
747,416008,Maharashtra,16.6894,74.2438
748,416010,Maharashtra,16.6893,74.1677
749,416011,Maharashtra,16.6499,74.154
750,416012,Maharashtra,16.6785,74.2153
751,416013,Maharashtra,16.634,74.233
752,416101,Maharashtra,16.8024,74.5051
753,416102,Maharashtra,16.7422,74.5374
754,416103,Maharashtra,16.7399,74.6235
755,416104,Maharashtra,16.6805,74.6347
756,416105,Maharashtra,16.6998,74.6653
757,416106,Maharashtra,16.6624,74.5959
758,416107,Maharashtra,16.592,74.5823
759,416108,Maharashtra,16.6153,74.6267
760,416109,Maharashtra,16.7673,74.4075
761,416110,Maharashtra,16.8363,74.3867
762,416111,Maharashtra,16.8187,74.4358
763,416112,Maharashtra,16.846,74.2838
764,416113,Maharashtra,16.7989,74.1953
765,416114,Maharashtra,16.8631,74.1544
766,416115,Maharashtra,16.6845,74.4665
767,416116,Maharashtra,16.7128,74.4435
768,416117,Maharashtra,16.7013,74.4499
769,416118,Maharashtra,16.7253,74.3638
770,416119,Maharashtra,16.6952,74.3106
771,416120,Maharashtra,16.7808,74.6127
772,416121,Maharashtra,16.6965,74.5268
773,416122,Maharashtra,16.7624,74.302
774,416127,Maharashtra,16.8725,74.2283
775,416130,Maharashtra,16.6556,74.5258
776,416134,Maharashtra,16.7882,74.5798
777,416138,Maharashtra,16.6911,74.4167
778,416143,Maharashtra,16.6511,74.4919
779,416144,Maharashtra,16.7711,74.5747
780,416146,Maharashtra,16.7216,74.4914
781,416201,Maharashtra,16.7967,74.1126
782,416202,Maharashtra,16.6557,74.3538
783,416203,Maharashtra,16.625,74.4227
784,416204,Maharashtra,16.6564,74.0719
785,416205,Maharashtra,16.6857,73.9853
786,416206,Maharashtra,16.5947,73.9126
787,416207,Maharashtra,16.5581,74.1942
788,416208,Maharashtra,16.4601,74.1301
789,416209,Maharashtra,16.2904,74.1484
790,416210,Maharashtra,16.1908,73.9967
791,416211,Maharashtra,16.5042,74.046
792,416212,Maharashtra,16.4045,73.9346
793,416213,Maharashtra,16.8571,74.0323
794,416214,Maharashtra,17.0134,73.941
795,416215,Maharashtra,16.8629,73.9323
796,416216,Maharashtra,16.5698,74.3031
797,416217,Maharashtra,16.5909,74.3511
798,416218,Maharashtra,16.3263,74.2716
799,416219,Maharashtra,16.4066,74.2029
800,416220,Maharashtra,16.2286,74.2481
801,416221,Maharashtra,16.5058,74.1871
802,416222,Maharashtra,16.4426,74.3177
803,416223,Maharashtra,16.3167,74.0764
804,416224,Maharashtra,16.561,74.0972
805,416228,Maharashtra,16.4092,74.1035
806,416229,Maharashtra,16.7543,74.1973
807,416230,Maharashtra,16.7817,74.0266
808,416231,Maharashtra,16.3611,74.0446
809,416232,Maharashtra,16.5283,74.2446
810,416234,Maharashtra,16.6344,74.2794
811,416235,Maharashtra,16.4312,74.2753
812,416236,Maharashtra,16.5864,74.3802
813,416301,Maharashtra,16.9513,74.3988
814,416302,Maharashtra,16.8977,74.3571
815,416303,Maharashtra,16.9868,74.4784
816,416304,Maharashtra,16.9215,74.5896
817,416305,Maharashtra,16.9007,74.5088
818,416306,Maharashtra,16.9422,74.6437
819,416307,Maharashtra,16.981,74.6103
820,416308,Maharashtra,17.0634,74.418
821,416309,Maharashtra,17.1306,74.4178
822,416310,Maharashtra,17.0988,74.4805
823,416311,Maharashtra,17.1223,74.7852
824,416312,Maharashtra,17.0866,74.6154
825,416313,Maharashtra,17.0276,74.3715
826,416314,Maharashtra,17.1481,74.6168
827,416315,Maharashtra,16.8774,74.4256
828,416316,Maharashtra,17.0133,74.4392
829,416317,Maharashtra,17.1694,74.6927
830,416319,Maharashtra,17.0464,74.5095
831,416320,Maharashtra,17.0066,74.4656
832,416321,Maharashtra,17.1863,74.667
833,416401,Maharashtra,16.8002,74.842
834,416402,Maharashtra,17.0098,75.0934
835,416403,Maharashtra,17.1257,75.0217
836,416404,Maharashtra,17.0781,75.2388
837,416405,Maharashtra,17.0537,74.9082
838,416406,Maharashtra,16.8905,74.5894
839,416407,Maharashtra,16.8721,74.7193
840,416408,Maharashtra,17.029,74.7141
841,416409,Maharashtra,16.7538,74.7182
842,416410,Maharashtra,16.8756,74.7489
843,416411,Maharashtra,16.9748,74.9587
844,416412,Maharashtra,17.0559,75.4963
845,416413,Maharashtra,17.1611,75.5449
846,416414,Maharashtra,16.8536,74.6149
847,416415,Maharashtra,16.8537,74.6018
848,416416,Maharashtra,16.8985,74.5463
849,416417,Maharashtra,16.8834,74.4663
850,416418,Maharashtra,16.8975,74.9097
851,416419,Maharashtra,17.0171,74.794
852,416420,Maharashtra,16.9487,74.6945
853,416421,Maharashtra,16.799,74.7381
854,416422,Maharashtra,16.9445,74.7366
855,416423,Maharashtra,16.9449,74.5502
856,416425,Maharashtra,16.8802,74.6102
857,416426,Maharashtra,16.8968,74.7879
858,416428,Maharashtra,16.8604,74.8598
859,416429,Maharashtra,16.9514,75.1854
860,416436,Maharashtra,16.876,74.6301
861,416437,Maharashtra,16.8447,74.6785
862,416501,Maharashtra,16.2422,74.4279
863,416502,Maharashtra,16.2073,74.3624
864,416503,Maharashtra,16.1161,74.3332
865,416504,Maharashtra,16.0436,74.3177
866,416505,Maharashtra,16.0969,74.1559
867,416506,Maharashtra,16.1483,74.4428
868,416507,Maharashtra,15.8891,74.3411
869,416508,Maharashtra,16.0013,74.4001
870,416509,Maharashtra,15.9085,74.1865
871,416510,Maharashtra,15.9002,73.8866
872,416511,Maharashtra,15.8148,73.9141
873,416512,Maharashtra,15.6823,74.0355
874,416513,Maharashtra,15.7444,73.7361
875,416514,Maharashtra,15.7658,73.8015
876,416515,Maharashtra,15.8536,73.6883
877,416516,Maharashtra,15.8871,73.6641
878,416517,Maharashtra,15.7481,73.6799
879,416518,Maharashtra,15.7896,73.6884
880,416519,Maharashtra,16.0376,73.8626
881,416520,Maharashtra,16.0142,73.7111
882,416521,Maharashtra,16.1321,73.7876
883,416522,Maharashtra,15.9425,73.5753
884,416523,Maharashtra,15.9827,73.5377
885,416524,Maharashtra,15.9943,73.5963
886,416525,Maharashtra,15.9998,73.64
887,416526,Maharashtra,16.1794,74.2994
888,416527,Maharashtra,15.8109,74.1968
889,416528,Maharashtra,15.9823,73.686
890,416529,Maharashtra,15.8468,73.7247
891,416530,Maharashtra,15.7222,74.0487
892,416531,Maharashtra,15.9978,73.9458
893,416532,Maharashtra,15.9954,74.0374
894,416534,Maharashtra,16.1,73.6664
895,416536,Maharashtra,16.2371,74.3129
896,416538,Maharashtra,15.7974,73.7103
897,416541,Maharashtra,15.872,73.8411
898,416549,Maharashtra,15.7844,74.0894
899,416550,Maharashtra,15.9957,73.6626
900,416551,Maharashtra,16.2075,74.4284
901,416552,Maharashtra,15.9128,74.2636
902,416601,Maharashtra,16.3847,73.8025
903,416602,Maharashtra,16.2938,73.7042
904,416603,Maharashtra,16.1478,73.6485
905,416604,Maharashtra,16.0911,73.6046
906,416605,Maharashtra,16.0418,73.573
907,416606,Maharashtra,16.0802,73.5081
908,416608,Maharashtra,16.1682,73.5291
909,416609,Maharashtra,16.2531,73.8634
910,416610,Maharashtra,16.3674,73.5903
911,416611,Maharashtra,16.3599,73.5153
912,416612,Maharashtra,16.3685,73.4233
913,416613,Maharashtra,16.4448,73.4845
914,416614,Maharashtra,16.2025,73.4799
915,416615,Maharashtra,16.3014,73.4229
916,416616,Maharashtra,16.2433,73.5791
917,416620,Maharashtra,16.222,73.7795
918,416622,Maharashtra,16.1696,73.5998
919,416623,Maharashtra,16.4313,73.4494
920,416626,Maharashtra,16.1362,73.465
921,416628,Maharashtra,16.1688,73.7387
922,416630,Maharashtra,16.2733,73.4536
923,416632,Maharashtra,16.1751,73.8675
924,416701,Maharashtra,16.835,73.5999
925,416702,Maharashtra,16.6113,73.4939
926,416703,Maharashtra,16.5373,73.6288
927,416704,Maharashtra,16.6878,73.7361
928,416705,Maharashtra,16.7253,73.5705
929,416707,Maharashtra,16.7056,73.3481
930,416709,Maharashtra,16.5335,73.3829
931,416712,Maharashtra,16.866,73.4794
932,416713,Maharashtra,16.7404,73.4667
933,416801,Maharashtra,16.4493,73.664
934,416803,Maharashtra,16.492,73.4911
935,416804,Maharashtra,16.4833,73.4127
936,416805,Maharashtra,16.4396,73.3895
937,416806,Maharashtra,16.5181,73.338
938,416807,Maharashtra,16.4991,73.401
939,416810,Maharashtra,16.4735,73.7811
940,416811,Maharashtra,16.4757,73.5678
941,416812,Maharashtra,16.1002,73.7044
942,416813,Maharashtra,16.574,73.7612
943,421001,Maharashtra,19.2468,73.1663
944,421002,Maharashtra,19.2314,73.165
945,421004,Maharashtra,19.2132,73.158
946,421005,Maharashtra,19.1974,73.1602
947,421101,Maharashtra,19.3625,73.1893
948,421102,Maharashtra,19.2671,73.1864
949,421103,Maharashtra,19.2811,73.2605
950,421201,Maharashtra,19.1969,73.081
951,421202,Maharashtra,19.2221,73.0757
952,421203,Maharashtra,19.1867,73.1047
953,421204,Maharashtra,19.1591,73.0724
954,421301,Maharashtra,19.2521,73.1278
955,421302,Maharashtra,19.3738,73.0968
956,421303,Maharashtra,19.6849,73.1562
957,421305,Maharashtra,19.2805,73.1567
958,421306,Maharashtra,19.2115,73.1346
959,421308,Maharashtra,19.2992,73.0552
960,421311,Maharashtra,19.2533,73.0939
961,421312,Maharashtra,19.5613,73.0645
962,421401,Maharashtra,19.238,73.4598
963,421402,Maharashtra,19.3469,73.6646
964,421403,Maharashtra,19.3879,73.4869
965,421501,Maharashtra,19.1528,73.1536
966,421502,Maharashtra,19.2255,73.1838
967,421503,Maharashtra,19.1637,73.244
968,421505,Maharashtra,19.2076,73.2175
969,421506,Maharashtra,19.1723,73.2011
970,421601,Maharashtra,19.4894,73.415
971,421602,Maharashtra,19.6332,73.4504
972,421603,Maharashtra,19.4054,73.5402
973,421604,Maharashtra,19.3977,73.2606
974,421605,Maharashtra,19.3153,73.2128
975,422001,Maharashtra,19.9997,73.7913
976,422002,Maharashtra,19.9992,73.7778
977,422003,Maharashtra,20.1373,73.7307
978,422004,Maharashtra,20.1022,73.8076
979,422005,Maharashtra,20.0042,73.7607
980,422006,Maharashtra,19.9794,73.8161
981,422007,Maharashtra,19.9992,73.7276
982,422008,Maharashtra,19.9819,73.7563
983,422009,Maharashtra,19.9698,73.7718
984,422010,Maharashtra,19.9261,73.7028
985,422011,Maharashtra,19.991,73.8039
986,422012,Maharashtra,19.99,73.6992
987,422013,Maharashtra,20.0188,73.7351
988,422101,Maharashtra,19.9581,73.8313
989,422102,Maharashtra,19.9238,73.948
990,422103,Maharashtra,19.8182,74.0287
991,422104,Maharashtra,19.839,74.2906
992,422105,Maharashtra,19.967,73.8866
993,422112,Maharashtra,19.8357,74.0623
994,422113,Maharashtra,19.8807,73.973
995,422201,Maharashtra,20.0248,73.9448
996,422202,Maharashtra,20.3026,73.7337
997,422203,Maharashtra,20.0704,73.5866
998,422204,Maharashtra,20.1169,73.3624
999,422205,Maharashtra,20.2344,73.9406
1000,422206,Maharashtra,20.1256,73.9068
1001,422207,Maharashtra,20.0858,73.9436
1002,422208,Maharashtra,20.2566,73.5172
1003,422209,Maharashtra,20.1718,74.013
1004,422210,Maharashtra,19.9677,74.118
1005,422211,Maharashtra,20.5178,73.5852
1006,422212,Maharashtra,19.9301,73.507
1007,422213,Maharashtra,19.9721,73.6612
1008,422214,Maharashtra,19.7931,73.5192
1009,422215,Maharashtra,20.3527,73.8583
1010,422221,Maharashtra,20.1154,73.9201
1011,422222,Maharashtra,20.0357,73.7012
1012,422301,Maharashtra,20.0802,74.056
1013,422302,Maharashtra,20.0816,74.0009
1014,422303,Maharashtra,20.0629,74.1432
1015,422304,Maharashtra,20.1615,74.1511
1016,422305,Maharashtra,20.0413,74.2519
1017,422306,Maharashtra,20.1495,74.256
1018,422308,Maharashtra,20.1543,74.0955
1019,422401,Maharashtra,19.8593,73.7868
1020,422402,Maharashtra,19.7412,73.5883
1021,422403,Maharashtra,19.7392,73.7107
1022,422501,Maharashtra,19.9528,73.798
1023,422502,Maharashtra,19.8379,73.8619
1024,422601,Maharashtra,19.6378,73.8854
1025,422602,Maharashtra,19.278,74.12
1026,422603,Maharashtra,19.5076,74.124
1027,422604,Maharashtra,19.5207,73.7903
1028,422605,Maharashtra,19.5596,74.2311
1029,422606,Maharashtra,19.7415,74.1127
1030,422608,Maharashtra,19.5514,74.2041
1031,422610,Maharashtra,19.4755,73.9974
1032,422611,Maharashtra,19.7005,74.2453
1033,422614,Maharashtra,19.5886,74.2778
1034,422620,Maharashtra,19.3563,74.1779
1035,422622,Maharashtra,19.3829,74.2941
1036,423101,Maharashtra,20.2904,74.2092
1037,423102,Maharashtra,20.4338,74.1889
1038,423104,Maharashtra,20.2669,74.4264
1039,423105,Maharashtra,20.5573,74.6361
1040,423106,Maharashtra,20.3056,74.7135
1041,423107,Maharashtra,19.7031,74.4777
1042,423108,Maharashtra,20.6251,74.3537
1043,423109,Maharashtra,19.7821,74.4708
1044,423110,Maharashtra,20.4055,74.354
1045,423111,Maharashtra,20.2212,74.0737
1046,423117,Maharashtra,20.2905,74.0502
1047,423201,Maharashtra,20.5553,74.4011
1048,423202,Maharashtra,20.5905,74.4256
1049,423203,Maharashtra,20.634,74.5898
1050,423204,Maharashtra,20.7437,74.3067
1051,423205,Maharashtra,20.7343,74.6021
1052,423206,Maharashtra,20.7077,74.4327
1053,423208,Maharashtra,20.4405,74.4408
1054,423212,Maharashtra,20.4491,74.5874
1055,423213,Maharashtra,20.5424,74.3191
1056,423301,Maharashtra,20.5949,74.1636
1057,423302,Maharashtra,20.7529,74.0571
1058,423303,Maharashtra,20.798,74.232
1059,423401,Maharashtra,20.0628,74.4047
1060,423402,Maharashtra,20.0252,74.6365
1061,423403,Maharashtra,20.131,74.5912
1062,423501,Maharashtra,20.4717,74.002
1063,423502,Maharashtra,20.5706,73.8754
1064,423601,Maharashtra,19.8716,74.4725
1065,423602,Maharashtra,19.9146,74.3653
1066,423603,Maharashtra,19.9135,74.593
1067,423604,Maharashtra,19.9438,74.2873
1068,423605,Maharashtra,19.742,74.3588
1069,423607,Maharashtra,19.9604,74.3308
1070,423701,Maharashtra,19.8121,74.7656
1071,423702,Maharashtra,19.8753,75.0376
1072,423703,Maharashtra,19.9451,74.8783
1073,424001,Maharashtra,20.8879,74.7554
1074,424002,Maharashtra,20.9274,74.6395
1075,424004,Maharashtra,20.8912,74.7912
1076,424005,Maharashtra,20.9516,74.7862
1077,424006,Maharashtra,20.7691,74.7125
1078,424101,Maharashtra,20.4203,75.0172
1079,424102,Maharashtra,20.4916,75.1066
1080,424103,Maharashtra,20.3284,74.901
1081,424104,Maharashtra,20.5445,75.1974
1082,424105,Maharashtra,20.6711,75.1771
1083,424106,Maharashtra,20.6173,74.9181
1084,424107,Maharashtra,20.6056,75.0072
1085,424108,Maharashtra,20.4129,74.8838
1086,424109,Maharashtra,20.3204,74.7957
1087,424116,Maharashtra,20.4955,74.9028
1088,424119,Maharashtra,20.5242,74.8209
1089,424201,Maharashtra,20.6304,75.3576
1090,424202,Maharashtra,20.6725,75.4675
1091,424203,Maharashtra,20.5936,75.4825
1092,424204,Maharashtra,20.6816,75.5832
1093,424205,Maharashtra,20.681,75.7143
1094,424206,Maharashtra,20.781,75.8229
1095,424207,Maharashtra,20.6316,75.8191
1096,424208,Maharashtra,20.6548,75.943
1097,424209,Maharashtra,20.5975,75.9087
1098,424301,Maharashtra,20.8613,74.8883
1099,424302,Maharashtra,20.883,74.5542
1100,424303,Maharashtra,20.9608,74.5148
1101,424304,Maharashtra,21.0709,74.2942
1102,424305,Maharashtra,21.1473,74.2827
1103,424306,Maharashtra,20.9484,74.0461
1104,424307,Maharashtra,21.0308,74.717
1105,424308,Maharashtra,20.7081,74.8516
1106,424309,Maharashtra,21.0964,74.8285
1107,424310,Maharashtra,20.892,74.3331
1108,424311,Maharashtra,20.7875,74.8674
1109,424318,Maharashtra,20.9623,74.8884
1110,425001,Maharashtra,21.0613,75.58
1111,425002,Maharashtra,21.0544,75.4873
1112,425003,Maharashtra,20.9293,75.6329
1113,425004,Maharashtra,21.0035,75.4901
1114,425101,Maharashtra,21.0424,75.6162
1115,425102,Maharashtra,21.0717,75.6712
1116,425103,Maharashtra,21.054,75.4353
1117,425104,Maharashtra,21.0391,75.3449
1118,425105,Maharashtra,21.0108,75.2586
1119,425106,Maharashtra,21.1277,75.2548
1120,425107,Maharashtra,21.3012,75.3399
1121,425108,Maharashtra,21.2473,75.1533
1122,425109,Maharashtra,20.9019,75.3811
1123,425110,Maharashtra,20.8097,75.3041
1124,425111,Maharashtra,20.8603,75.1472
1125,425112,Maharashtra,20.7651,75.0435
1126,425113,Maharashtra,20.922,75.0261
1127,425114,Maharashtra,20.8316,75.6492
1128,425115,Maharashtra,20.7738,75.4623
1129,425116,Maharashtra,20.8495,75.5161
1130,425120,Maharashtra,21.1003,75.5041
1131,425121,Maharashtra,21.0997,75.2877
1132,425124,Maharashtra,21.2363,75.175
1133,425127,Maharashtra,21.0,76.2908
1134,425135,Maharashtra,20.9886,75.5751
1135,425201,Maharashtra,21.0071,75.756
1136,425203,Maharashtra,21.0559,75.8103
1137,425301,Maharashtra,21.23,75.6991
1138,425302,Maharashtra,21.1857,75.5989
1139,425303,Maharashtra,21.2286,75.4641
1140,425304,Maharashtra,21.1226,75.7478
1141,425305,Maharashtra,20.9974,75.9066
1142,425306,Maharashtra,21.0482,76.1548
1143,425307,Maharashtra,21.042,75.8713
1144,425308,Maharashtra,21.0406,75.9581
1145,425309,Maharashtra,20.9908,75.6665
1146,425310,Maharashtra,20.8881,75.9792
1147,425311,Maharashtra,20.9605,75.7935
1148,425318,Maharashtra,21.31,75.6022
1149,425324,Maharashtra,21.1985,76.15
1150,425326,Maharashtra,21.1937,75.7541
1151,425327,Maharashtra,20.9886,76.2694
1152,425336,Maharashtra,21.1426,75.1974
1153,425401,Maharashtra,21.0321,75.0434
1154,425402,Maharashtra,21.1357,74.9777
1155,425403,Maharashtra,21.2058,74.9142
1156,425404,Maharashtra,21.1907,74.8269
1157,425405,Maharashtra,21.3899,74.9831
1158,425406,Maharashtra,21.2887,74.7312
1159,425407,Maharashtra,21.1549,74.6474
1160,425408,Maharashtra,21.2943,74.5412
1161,425409,Maharashtra,21.5702,74.4795
1162,425410,Maharashtra,21.4538,74.5209
1163,425411,Maharashtra,21.3309,74.4035
1164,425412,Maharashtra,21.3734,74.1949
1165,425413,Maharashtra,21.6085,74.1578
1166,425414,Maharashtra,21.8313,74.2745
1167,425415,Maharashtra,21.6364,74.0085
1168,425416,Maharashtra,21.2725,74.0544
1169,425417,Maharashtra,21.2067,73.9109
1170,425418,Maharashtra,21.1197,73.8238
1171,425419,Maharashtra,21.5934,73.8962
1172,425420,Maharashtra,21.133,75.1174
1173,425421,Maharashtra,21.2603,75.0088
1174,425422,Maharashtra,21.5123,74.3777
1175,425423,Maharashtra,21.4524,74.6329
1176,425424,Maharashtra,21.5892,74.5574
1177,425426,Maharashtra,21.1776,73.9986
1178,425427,Maharashtra,21.4171,74.767
1179,425428,Maharashtra,21.5306,74.8628
1180,425432,Maharashtra,21.6851,74.4485
1181,425434,Maharashtra,21.2148,75.2354
1182,425442,Maharashtra,21.631,74.2987
1183,425444,Maharashtra,21.5643,74.6767
1184,425452,Maharashtra,21.7917,73.9506
1185,425501,Maharashtra,21.0921,75.8568
1186,425502,Maharashtra,21.1365,75.9185
1187,425503,Maharashtra,21.3077,75.771
1188,425504,Maharashtra,21.2376,75.9204
1189,425505,Maharashtra,21.2064,75.9225
1190,425506,Maharashtra,21.1635,75.9511
1191,425507,Maharashtra,21.1421,76.0048
1192,425508,Maharashtra,21.302,75.9817
1193,425509,Maharashtra,21.1563,76.04
1194,425510,Maharashtra,21.1585,75.806
1195,425511,Maharashtra,21.2029,75.8415
1196,425515,Maharashtra,21.2112,75.7859
1197,425519,Maharashtra,21.1149,75.7975
1198,425523,Maharashtra,21.2029,75.9817
1199,425524,Maharashtra,21.1555,75.8488
1200,431001,Maharashtra,19.88,75.3355
1201,431002,Maharashtra,19.9209,75.1936
1202,431003,Maharashtra,19.8827,75.3608
1203,431004,Maharashtra,19.906,75.3194
1204,431005,Maharashtra,19.8164,75.3171
1205,431006,Maharashtra,19.8836,75.4002
1206,431007,Maharashtra,19.8336,75.5226
1207,431008,Maharashtra,19.9814,75.3969
1208,431009,Maharashtra,19.8627,75.3563
1209,431010,Maharashtra,19.8473,75.2998
1210,431011,Maharashtra,19.8262,75.2911
1211,431101,Maharashtra,20.0041,75.2454
1212,431102,Maharashtra,20.0724,75.1783
1213,431103,Maharashtra,20.2316,75.0883
1214,431104,Maharashtra,20.2902,75.3342
1215,431105,Maharashtra,19.6592,75.3276
1216,431106,Maharashtra,19.5154,75.3654
1217,431107,Maharashtra,19.499,75.4844
1218,431109,Maharashtra,19.749,74.979
1219,431110,Maharashtra,19.6602,75.0394
1220,431111,Maharashtra,20.0937,75.443
1221,431112,Maharashtra,20.4386,75.6459
1222,431113,Maharashtra,20.412,75.5027
1223,431114,Maharashtra,20.2305,75.8083
1224,431115,Maharashtra,20.0443,75.0037
1225,431116,Maharashtra,20.0907,74.8044
1226,431117,Maharashtra,20.5193,75.7378
1227,431118,Maharashtra,20.58,75.8319
1228,431120,Maharashtra,20.5599,75.5586
1229,431121,Maharashtra,19.6391,75.6143
1230,431122,Maharashtra,19.0066,75.7264
1231,431123,Maharashtra,18.731,76.0162
1232,431124,Maharashtra,18.8423,76.1514
1233,431125,Maharashtra,18.8164,75.8051
1234,431126,Maharashtra,18.7317,75.7354
1235,431127,Maharashtra,19.2992,75.7858
1236,431128,Maharashtra,19.0016,76.3022
1237,431129,Maharashtra,19.2131,76.0017
1238,431130,Maharashtra,19.2868,75.5636
1239,431131,Maharashtra,19.1558,76.2255
1240,431132,Maharashtra,20.478,75.8688
1241,431133,Maharashtra,19.7328,75.1778
1242,431134,Maharashtra,20.1003,75.6007
1243,431135,Maharashtra,20.2651,75.5962
1244,431136,Maharashtra,19.8396,75.2316
1245,431137,Maharashtra,19.4349,75.5638
1246,431142,Maharashtra,19.2076,76.1692
1247,431143,Maharashtra,19.1642,75.7253
1248,431144,Maharashtra,18.9715,76.0516
1249,431146,Maharashtra,20.4519,75.174
1250,431147,Maharashtra,20.3863,75.3093
1251,431148,Maharashtra,19.5467,75.3649
1252,431150,Maharashtra,20.5013,75.3128
1253,431151,Maharashtra,20.2109,75.4646
1254,431152,Maharashtra,20.1423,75.2915
1255,431153,Maharashtra,18.9945,75.8362
1256,431154,Maharashtra,19.9019,75.4946
1257,431202,Maharashtra,19.9186,75.7487
1258,431203,Maharashtra,19.865,75.9073
1259,431204,Maharashtra,19.6447,75.8127
1260,431205,Maharashtra,19.4915,75.7461
1261,431206,Maharashtra,20.2463,76.0357
1262,431207,Maharashtra,19.6081,76.1188
1263,431208,Maharashtra,20.0929,75.994
1264,431209,Maharashtra,19.534,75.9944
1265,431211,Maharashtra,19.3596,76.0284
1266,431212,Maharashtra,19.4113,75.7636
1267,431213,Maharashtra,19.8055,76.0428
1268,431214,Maharashtra,19.8385,76.0775
1269,431215,Maharashtra,20.1143,78.893
1270,431401,Maharashtra,19.2762,76.7721
1271,431402,Maharashtra,19.199,76.8373
1272,431501,Maharashtra,19.5502,76.2317
1273,431502,Maharashtra,19.531,76.3343
1274,431503,Maharashtra,19.4655,76.4723
1275,431504,Maharashtra,19.7423,76.3865
1276,431505,Maharashtra,19.3202,76.5428
1277,431506,Maharashtra,19.2536,76.3665
1278,431507,Maharashtra,19.3632,76.1961
1279,431508,Maharashtra,19.4745,76.6976
1280,431509,Maharashtra,19.6054,76.7118
1281,431510,Maharashtra,19.735,76.6749
1282,431511,Maharashtra,19.1851,77.0487
1283,431512,Maharashtra,19.3671,77.1529
1284,431513,Maharashtra,19.8003,77.1474
1285,431514,Maharashtra,18.9158,76.7381
1286,431515,Maharashtra,18.8803,76.4565
1287,431516,Maharashtra,19.0122,76.558
1288,431517,Maharashtra,18.7455,76.2862
1289,431518,Maharashtra,18.6346,76.2044
1290,431519,Maharashtra,18.7278,76.5421
1291,431520,Maharashtra,18.8673,76.518
1292,431521,Maharashtra,19.1172,76.6936
1293,431522,Maharashtra,18.6049,76.6482
1294,431523,Maharashtra,18.6267,76.3636
1295,431530,Maharashtra,18.9004,76.4691
1296,431536,Maharashtra,18.8778,76.8922
1297,431537,Maharashtra,19.3108,76.6519
1298,431540,Maharashtra,19.3883,76.7901
1299,431541,Maharashtra,19.1494,76.5266
1300,431542,Maharashtra,19.827,76.7761
1301,431601,Maharashtra,19.1474,77.3048
1302,431602,Maharashtra,19.1523,77.2346
1303,431603,Maharashtra,19.1087,77.3449
1304,431604,Maharashtra,19.1627,77.3446
1305,431605,Maharashtra,19.2181,77.2572
1306,431606,Maharashtra,19.0891,77.247
1307,431701,Maharashtra,19.4686,77.3689
1308,431702,Maharashtra,19.6551,77.3005
1309,431703,Maharashtra,19.8772,76.9836
1310,431704,Maharashtra,19.3034,77.379
1311,431705,Maharashtra,19.527,77.0263
1312,431707,Maharashtra,18.9819,77.31
1313,431708,Maharashtra,18.9435,77.1005
1314,431709,Maharashtra,18.9205,77.5397
1315,431710,Maharashtra,18.7762,77.6709
1316,431711,Maharashtra,18.7877,77.7839
1317,431712,Maharashtra,19.462,77.5972
1318,431713,Maharashtra,19.3451,77.6043
1319,431714,Maharashtra,18.8302,77.2378
1320,431715,Maharashtra,18.621,77.3894
1321,431716,Maharashtra,18.6679,77.234
1322,431717,Maharashtra,18.584,77.559
1323,431718,Maharashtra,18.4453,77.4877
1324,431719,Maharashtra,18.4468,77.3618
1325,431720,Maharashtra,19.0136,76.9727
1326,431721,Maharashtra,19.8171,77.9905
1327,431722,Maharashtra,18.82,77.4636
1328,431723,Maharashtra,18.6028,77.6881
1329,431731,Maharashtra,18.7025,77.7241
1330,431736,Maharashtra,18.7184,77.5825
1331,431741,Maharashtra,18.3246,77.4687
1332,431742,Maharashtra,18.741,77.1427
1333,431743,Maharashtra,19.6019,77.5459
1334,431745,Maharashtra,19.2352,77.4649
1335,431746,Maharashtra,18.8623,77.3556
1336,431750,Maharashtra,19.2921,77.2618
1337,431801,Maharashtra,19.2007,77.7306
1338,431802,Maharashtra,19.3972,77.8531
1339,431803,Maharashtra,19.3519,78.08
1340,431804,Maharashtra,19.6786,78.1802
1341,431805,Maharashtra,19.8089,78.2358
1342,431806,Maharashtra,19.0944,77.4623
1343,431807,Maharashtra,19.0383,77.6425
1344,431808,Maharashtra,18.9434,77.7404
1345,431809,Maharashtra,18.8754,77.8396
1346,431810,Maharashtra,19.4651,78.1591
1347,431811,Maharashtra,19.5323,78.2407
1348,440001,Maharashtra,21.1569,79.0688
1349,440002,Maharashtra,21.1695,79.1126
1350,440003,Maharashtra,21.1258,79.0898
1351,440004,Maharashtra,21.1695,79.0911
1352,440005,Maharashtra,21.0797,79.0552
1353,440006,Maharashtra,21.1661,79.0511
1354,440007,Maharashtra,21.1595,79.0304
1355,440008,Maharashtra,21.1514,79.1326
1356,440009,Maharashtra,21.1326,79.1149
1357,440010,Maharashtra,21.136,79.06
1358,440012,Maharashtra,21.1376,79.0824
1359,440013,Maharashtra,21.1785,79.0379
1360,440014,Maharashtra,21.1865,79.0902
1361,440015,Maharashtra,21.1089,79.0747
1362,440016,Maharashtra,21.0958,78.9765
1363,440017,Maharashtra,21.1685,79.1057
1364,440018,Maharashtra,21.1472,79.0961
1365,440019,Maharashtra,21.0843,79.0174
1366,440020,Maharashtra,21.1238,79.0665
1367,440021,Maharashtra,21.1338,78.9804
1368,440022,Maharashtra,21.1142,79.0435
1369,440023,Maharashtra,21.1042,78.824
1370,440024,Maharashtra,21.1153,79.1132
1371,440025,Maharashtra,21.0986,79.0634
1372,440026,Maharashtra,21.2006,79.1044
1373,440027,Maharashtra,21.1074,79.094
1374,440028,Maharashtra,21.1209,78.9896
1375,440030,Maharashtra,21.188,79.0754
1376,440032,Maharashtra,21.1438,79.1101
1377,440033,Maharashtra,21.1384,79.0294
1378,440034,Maharashtra,21.0952,79.1231
1379,440035,Maharashtra,21.1435,79.1647
1380,440036,Maharashtra,21.1091,79.0253
1381,440037,Maharashtra,21.0847,79.0958
1382,441001,Maharashtra,21.2192,79.1343
1383,441002,Maharashtra,21.2129,79.2034
1384,441101,Maharashtra,21.4835,78.9852
1385,441102,Maharashtra,21.2981,79.1526
1386,441103,Maharashtra,21.1367,78.6519
1387,441104,Maharashtra,21.2057,79.41
1388,441105,Maharashtra,21.4591,79.1406
1389,441106,Maharashtra,21.3875,79.3777
1390,441107,Maharashtra,21.4187,78.8396
1391,441108,Maharashtra,20.9279,79.0258
1392,441109,Maharashtra,21.2747,79.1228
1393,441110,Maharashtra,20.9956,78.8556
1394,441111,Maharashtra,21.238,79.0722
1395,441112,Maharashtra,21.4591,78.9019
1396,441113,Maharashtra,21.3262,79.0284
1397,441114,Maharashtra,20.9974,78.9906
1398,441115,Maharashtra,20.7706,79.0178
1399,441117,Maharashtra,21.348,78.9024
1400,441122,Maharashtra,20.9102,78.9229
1401,441123,Maharashtra,20.8033,79.2984
1402,441201,Maharashtra,20.7345,79.3926
1403,441202,Maharashtra,21.0147,79.3363
1404,441203,Maharashtra,20.8491,79.2033
1405,441204,Maharashtra,21.0509,79.1857
1406,441205,Maharashtra,20.5993,79.687
1407,441206,Maharashtra,20.4911,79.8531
1408,441207,Maharashtra,20.6191,80.0222
1409,441208,Maharashtra,20.4726,80.0226
1410,441209,Maharashtra,20.6136,80.3771
1411,441210,Maharashtra,20.9637,79.5189
1412,441212,Maharashtra,20.1527,79.7119
1413,441214,Maharashtra,20.684,79.206
1414,441215,Maharashtra,20.2398,79.8538
1415,441217,Maharashtra,20.4193,80.1651
1416,441221,Maharashtra,20.4654,79.6443
1417,441222,Maharashtra,20.2523,79.6349
1418,441223,Maharashtra,20.3165,79.5285
1419,441224,Maharashtra,20.0337,79.5418
1420,441225,Maharashtra,20.0771,79.8655
1421,441226,Maharashtra,19.9378,79.7313
1422,441227,Maharashtra,20.097,79.9116
1423,441301,Maharashtra,21.3279,78.3514
1424,441302,Maharashtra,21.2783,78.6377
1425,441303,Maharashtra,21.4697,78.4507
1426,441304,Maharashtra,21.4491,78.5296
1427,441305,Maharashtra,21.3191,78.4642
1428,441306,Maharashtra,21.43,78.6651
1429,441401,Maharashtra,21.5711,79.3449
1430,441404,Maharashtra,21.2485,79.2558
1431,441406,Maharashtra,21.3959,79.2494
1432,441408,Maharashtra,21.6327,79.3644
1433,441409,Maharashtra,21.485,79.3482
1434,441501,Maharashtra,21.2286,78.9253
1435,441502,Maharashtra,21.3273,78.8121
1436,441504,Maharashtra,21.3073,79.0982
1437,441601,Maharashtra,21.5304,80.2466
1438,441604,Maharashtra,21.5111,80.0499
1439,441614,Maharashtra,21.4953,80.162
1440,441701,Maharashtra,20.7939,80.009
1441,441702,Maharashtra,20.8322,80.1668
1442,441801,Maharashtra,21.3045,80.2053
1443,441802,Maharashtra,21.1064,79.9793
1444,441803,Maharashtra,20.7478,79.8515
1445,441804,Maharashtra,21.1012,79.8472
1446,441805,Maharashtra,20.8525,79.8659
1447,441806,Maharashtra,21.0584,80.1154
1448,441807,Maharashtra,21.1409,80.1732
1449,441808,Maharashtra,20.9623,79.9767
1450,441809,Maharashtra,20.9691,79.8619
1451,441811,Maharashtra,20.8967,79.8629
1452,441901,Maharashtra,20.9764,80.375
1453,441902,Maharashtra,21.3648,80.3648
1454,441903,Maharashtra,20.9161,79.6943
1455,441904,Maharashtra,21.1826,79.6496
1456,441905,Maharashtra,21.2343,79.73
1457,441906,Maharashtra,21.1448,79.5751
1458,441907,Maharashtra,21.5555,79.7151
1459,441908,Maharashtra,20.8609,79.7137
1460,441909,Maharashtra,21.316,79.6248
1461,441910,Maharashtra,20.7589,79.6472
1462,441911,Maharashtra,21.3802,79.9545
1463,441912,Maharashtra,21.464,79.6242
1464,441913,Maharashtra,21.3383,79.7516
1465,441914,Maharashtra,21.3815,79.6034
1466,441915,Maharashtra,21.4785,79.8251
1467,441916,Maharashtra,21.2874,80.5286
1468,441917,Maharashtra,21.2772,79.8106
1469,441918,Maharashtra,21.5821,79.7548
1470,441919,Maharashtra,21.3318,79.9197
1471,441920,Maharashtra,21.5654,79.7821
1472,441923,Maharashtra,21.3193,79.8716
1473,441924,Maharashtra,21.0656,79.7043
1474,442001,Maharashtra,20.741,78.5275
1475,442003,Maharashtra,20.7563,78.6246
1476,442005,Maharashtra,20.7514,78.6002
1477,442006,Maharashtra,20.7321,78.629
1478,442101,Maharashtra,20.5707,78.4967
1479,442102,Maharashtra,20.6926,78.774
1480,442103,Maharashtra,20.8667,78.5271
1481,442104,Maharashtra,20.8852,78.6807
1482,442105,Maharashtra,20.826,78.8671
1483,442106,Maharashtra,20.9257,78.4558
1484,442107,Maharashtra,20.7304,78.5843
1485,442110,Maharashtra,20.7786,78.8327
1486,442111,Maharashtra,20.7863,78.641
1487,442201,Maharashtra,21.0009,78.2466
1488,442202,Maharashtra,21.2348,78.1773
1489,442203,Maharashtra,21.114,78.4354
1490,442204,Maharashtra,21.1392,78.2302
1491,442301,Maharashtra,20.5234,78.8422
1492,442302,Maharashtra,20.8064,78.322
1493,442303,Maharashtra,20.7147,78.3358
1494,442304,Maharashtra,20.5723,78.7022
1495,442305,Maharashtra,20.6105,79.0196
1496,442306,Maharashtra,20.6166,78.3105
1497,442307,Maharashtra,20.4038,78.7478
1498,442401,Maharashtra,19.9655,79.3025
1499,442402,Maharashtra,19.9311,79.2663
1500,442403,Maharashtra,19.9269,79.3659
1501,442404,Maharashtra,20.0594,79.3252
1502,442406,Maharashtra,20.0039,79.232
1503,442501,Maharashtra,20.1283,79.1935
1504,442502,Maharashtra,19.9706,79.3069
1505,442503,Maharashtra,20.1422,79.0001
1506,442504,Maharashtra,18.8793,80.1049
1507,442505,Maharashtra,19.9488,79.1711
1508,442506,Maharashtra,19.8785,79.626
1509,442507,Maharashtra,19.8997,79.3036
1510,442603,Maharashtra,19.9451,79.925
1511,442604,Maharashtra,19.8338,80.0441
1512,442605,Maharashtra,20.1333,80.0854
1513,442606,Maharashtra,20.2394,80.3544
1514,442701,Maharashtra,19.8473,79.5628
1515,442702,Maharashtra,19.667,79.6308
1516,442703,Maharashtra,19.4603,80.1206
1517,442704,Maharashtra,19.7157,80.381
1518,442705,Maharashtra,19.3967,80.0035
1519,442706,Maharashtra,19.8348,79.3219
1520,442707,Maharashtra,19.7545,79.8518
1521,442709,Maharashtra,19.1517,80.1417
1522,442710,Maharashtra,19.4174,80.5531
1523,442901,Maharashtra,19.8663,79.3399
1524,442902,Maharashtra,20.1044,79.1177
1525,442903,Maharashtra,20.5266,79.3861
1526,442904,Maharashtra,20.4151,79.4633
1527,442905,Maharashtra,19.6971,79.3636
1528,442906,Maharashtra,20.2306,79.2885
1529,442907,Maharashtra,20.351,79.0434
1530,442908,Maharashtra,19.6402,79.1382
1531,442910,Maharashtra,20.3118,78.8547
1532,442912,Maharashtra,20.4009,78.8751
1533,442914,Maharashtra,20.2917,79.0615
1534,442916,Maharashtra,19.7349,78.9911
1535,442917,Maharashtra,19.8308,79.1438
1536,442918,Maharashtra,19.9371,79.601
1537,442919,Maharashtra,19.6695,80.0318
1538,443001,Maharashtra,20.3891,76.0127
1539,443002,Maharashtra,20.4845,76.2076
1540,443101,Maharashtra,20.8467,76.1341
1541,443102,Maharashtra,20.774,76.1869
1542,443103,Maharashtra,20.6456,76.2042
1543,443104,Maharashtra,20.634,76.058
1544,443105,Maharashtra,20.525,76.1186
1545,443106,Maharashtra,20.6069,76.2242
1546,443112,Maharashtra,20.9624,76.2142
1547,443201,Maharashtra,20.1622,76.2756
1548,443202,Maharashtra,20.1558,76.3968
1549,443203,Maharashtra,19.9652,76.2092
1550,443204,Maharashtra,20.0337,76.0896
1551,443206,Maharashtra,20.0842,76.1936
1552,443209,Maharashtra,20.0293,76.3744
1553,443301,Maharashtra,20.2564,76.5735
1554,443302,Maharashtra,19.9714,76.525
1555,443303,Maharashtra,20.2302,76.7508
1556,443304,Maharashtra,20.2866,76.5435
1557,443305,Maharashtra,20.1609,76.6663
1558,443306,Maharashtra,20.1926,76.4913
1559,443307,Maharashtra,20.0955,76.5126
1560,443308,Maharashtra,19.9562,76.312
1561,443401,Maharashtra,20.9072,76.3487
1562,443402,Maharashtra,21.0498,76.5336
1563,443403,Maharashtra,20.9903,76.4305
1564,443404,Maharashtra,20.8257,76.4194
1565,443405,Maharashtra,20.8418,76.3112
1566,443406,Maharashtra,21.086,76.4949
1567,444001,Maharashtra,20.7331,76.9977
1568,444002,Maharashtra,20.6125,76.9686
1569,444003,Maharashtra,20.8086,77.1127
1570,444004,Maharashtra,20.6513,77.0149
1571,444005,Maharashtra,20.725,77.0439
1572,444006,Maharashtra,20.8228,76.9721
1573,444101,Maharashtra,21.0674,77.0772
1574,444102,Maharashtra,20.708,77.2054
1575,444103,Maharashtra,21.1391,76.8693
1576,444104,Maharashtra,20.69,77.09
1577,444105,Maharashtra,20.5075,77.5045
1578,444106,Maharashtra,20.779,77.5
1579,444107,Maharashtra,20.724,77.3578
1580,444108,Maharashtra,20.9827,76.8693
1581,444109,Maharashtra,20.7598,76.8602
1582,444110,Maharashtra,20.6485,77.5439
1583,444111,Maharashtra,20.8854,77.0965
1584,444115,Maharashtra,20.7538,77.5844
1585,444117,Maharashtra,21.021,76.9885
1586,444125,Maharashtra,20.9091,76.974
1587,444126,Maharashtra,21.1079,76.9645
1588,444129,Maharashtra,21.0966,76.7959
1589,444201,Maharashtra,20.9672,76.7138
1590,444202,Maharashtra,21.0339,76.6639
1591,444203,Maharashtra,20.805,76.6809
1592,444204,Maharashtra,21.1585,76.7088
1593,444301,Maharashtra,20.3287,76.3283
1594,444302,Maharashtra,20.6565,76.8381
1595,444303,Maharashtra,20.5912,76.588
1596,444304,Maharashtra,20.8407,76.573
1597,444306,Maharashtra,20.6465,76.3989
1598,444307,Maharashtra,20.4567,76.4464
1599,444311,Maharashtra,20.859,76.798
1600,444312,Maharashtra,20.7839,76.5249
1601,444401,Maharashtra,20.5442,77.0754
1602,444402,Maharashtra,20.388,77.2455
1603,444403,Maharashtra,20.3114,77.3651
1604,444404,Maharashtra,20.202,77.5374
1605,444405,Maharashtra,20.4725,77.1619
1606,444407,Maharashtra,20.5447,77.2693
1607,444409,Maharashtra,20.1627,77.3422
1608,444501,Maharashtra,20.4555,76.8489
1609,444502,Maharashtra,20.594,76.8644
1610,444503,Maharashtra,20.2497,76.9928
1611,444504,Maharashtra,20.0868,76.8189
1612,444505,Maharashtra,20.1049,77.1585
1613,444506,Maharashtra,19.9854,76.7332
1614,444507,Maharashtra,20.0069,77.2899
1615,444510,Maharashtra,20.0279,76.9489
1616,444511,Maharashtra,20.3816,76.8561
1617,444512,Maharashtra,20.3358,76.9335
1618,444601,Maharashtra,20.9361,77.7555
1619,444602,Maharashtra,20.8784,77.5814
1620,444603,Maharashtra,20.9629,77.7704
1621,444604,Maharashtra,20.954,77.7364
1622,444605,Maharashtra,20.9067,77.6962
1623,444606,Maharashtra,20.9231,77.7722
1624,444607,Maharashtra,20.8827,77.7396
1625,444609,Maharashtra,20.9792,77.8256
1626,444701,Maharashtra,20.7481,77.7148
1627,444702,Maharashtra,21.4823,76.9459
1628,444704,Maharashtra,21.2144,77.7093
1629,444705,Maharashtra,21.1662,77.2545
1630,444706,Maharashtra,20.9583,77.2074
1631,444707,Maharashtra,21.1981,77.9516
1632,444708,Maharashtra,20.6569,77.8259
1633,444709,Maharashtra,20.7929,78.1475
1634,444710,Maharashtra,20.6795,78.0943
1635,444711,Maharashtra,20.8262,78.2503
1636,444713,Maharashtra,21.099,77.3515
1637,444717,Maharashtra,21.3278,77.3227
1638,444718,Maharashtra,21.1972,77.8193
1639,444719,Maharashtra,21.4598,76.7961
1640,444720,Maharashtra,21.3471,77.7879
1641,444723,Maharashtra,21.2455,77.6139
1642,444726,Maharashtra,21.222,77.9333
1643,444728,Maharashtra,20.9742,77.3545
1644,444801,Maharashtra,21.0328,77.6956
1645,444802,Maharashtra,20.9818,77.4957
1646,444803,Maharashtra,20.9413,77.3106
1647,444804,Maharashtra,21.0899,77.5335
1648,444805,Maharashtra,21.3531,77.5149
1649,444806,Maharashtra,21.222,77.5091
1650,444807,Maharashtra,21.4343,77.2766
1651,444808,Maharashtra,21.2378,77.3724
1652,444809,Maharashtra,21.3301,77.6102
1653,444810,Maharashtra,21.337,77.6892
1654,444811,Maharashtra,21.0423,77.4591
1655,444812,Maharashtra,21.49,78.1868
1656,444813,Maharashtra,21.5341,77.2155
1657,444814,Maharashtra,20.9617,77.4512
1658,444815,Maharashtra,21.0051,77.5591
1659,444818,Maharashtra,21.0337,77.3275
1660,444819,Maharashtra,21.0531,77.1835
1661,444827,Maharashtra,21.14,77.5844
1662,444901,Maharashtra,21.0701,77.9049
1663,444902,Maharashtra,20.9878,78.0136
1664,444903,Maharashtra,21.0847,78.085
1665,444904,Maharashtra,20.8035,77.9443
1666,444905,Maharashtra,21.3189,77.9577
1667,444906,Maharashtra,21.4365,78.3363
1668,444907,Maharashtra,21.549,78.3213
1669,444908,Maharashtra,21.4079,78.1694
1670,444909,Maharashtra,20.9282,78.0512
1671,444910,Maharashtra,21.3514,77.9011
1672,444911,Maharashtra,21.5076,78.3433
1673,444913,Maharashtra,21.3599,78.1949
1674,444914,Maharashtra,21.4118,78.0734
1675,444915,Maharashtra,21.1216,77.8435
1676,444921,Maharashtra,21.1293,77.7421
1677,445001,Maharashtra,20.4676,78.0734
1678,445002,Maharashtra,20.345,78.2045
1679,445101,Maharashtra,20.5733,78.1674
1680,445102,Maharashtra,20.489,77.848
1681,445103,Maharashtra,20.0184,77.9802
1682,445105,Maharashtra,20.187,78.0214
1683,445106,Maharashtra,19.9412,78.1356
1684,445109,Maharashtra,20.1813,78.138
1685,445110,Maharashtra,20.2082,77.8602
1686,445201,Maharashtra,20.3132,77.9091
1687,445202,Maharashtra,20.3177,77.7027
1688,445203,Maharashtra,20.095,77.7579
1689,445204,Maharashtra,19.9514,77.6639
1690,445205,Maharashtra,19.7522,77.7427
1691,445206,Maharashtra,19.5632,77.7385
1692,445207,Maharashtra,19.5824,78.0085
1693,445208,Maharashtra,20.3581,77.8993
1694,445209,Maharashtra,19.7523,77.4613
1695,445210,Maharashtra,20.4258,77.6675
1696,445211,Maharashtra,19.7011,77.5613
1697,445213,Maharashtra,19.6789,77.6177
1698,445215,Maharashtra,19.8846,77.473
1699,445216,Maharashtra,19.912,77.5754
1700,445230,Maharashtra,19.6802,77.8855
1701,445301,Maharashtra,20.1007,78.2946
1702,445302,Maharashtra,20.0351,78.554
1703,445303,Maharashtra,20.1339,78.7824
1704,445304,Maharashtra,19.9601,78.8974
1705,445305,Maharashtra,19.8618,78.5991
1706,445306,Maharashtra,19.9455,78.3462
1707,445307,Maharashtra,19.8607,79.0278
1708,445308,Maharashtra,20.2359,78.6775
1709,445319,Maharashtra,19.7913,78.8478
1710,445323,Maharashtra,20.2565,78.454
1711,445401,Maharashtra,20.4506,78.3553
1712,445402,Maharashtra,20.3679,78.5627
